ethnicity,drug,total_drug
OTHER,0.9% Sodium Chloride,2
OTHER,5% Dextrose,2
OTHER,Acetaminophen,3
OTHER,Adenosine,1
OTHER,Albuterol 0.083% Neb Soln,1
OTHER,Amlodipine,1
OTHER,Artificial Tear Ointment,1
OTHER,Bisacodyl,1
OTHER,Calcium Gluconate,1
OTHER,Cefazolin,1
OTHER,CeftriaXONE,1
OTHER,Ciprofloxacin HCl,2
OTHER,Ciprofloxacin IV,1
OTHER,Cisatracurium Besylate,2
OTHER,D5W,4
OTHER,Docusate Sodium,1
OTHER,Esmolol,2
OTHER,Famotidine,1
OTHER,Fentanyl Citrate,1
OTHER,Gentamicin Sulfate,1
OTHER,Heparin,1
OTHER,Heparin Flush CVL  (100 units/ml),1
OTHER,HydrALAzine,3
OTHER,Influenza Virus Vaccine,1
OTHER,Insulin,2
OTHER,Insulin Human Regular,1
OTHER,Iso-Osmotic Dextrose,2
OTHER,Iso-Osmotic Sodium Chloride,1
OTHER,Lansoprazole Oral Disintegrating Tab,1
OTHER,Lorazepam,1
OTHER,Magnesium Oxide,1
OTHER,Magnesium Sulfate,1
OTHER,Mannitol 20%,2
OTHER,MethylPREDNISolone Sodium Succ,1
OTHER,Methylprednisolone,1
OTHER,Metoprolol,1
OTHER,Metoprolol Tartrate,6
OTHER,Morphine Sulfate,2
OTHER,NS,11
OTHER,NS (Glass Bottle),2
OTHER,Pantoprazole,1
OTHER,Pantoprazole Sodium,1
OTHER,Phenylephrine HCl,2
OTHER,Phenytoin Sodium,2
OTHER,Phytonadione,3
OTHER,Pneumococcal Vac Polyvalent,1
OTHER,Potassium Chloride,6
OTHER,PredniSONE,1
OTHER,Propofol,1
OTHER,SW,1
OTHER,Senna,1
OTHER,Sodium Chloride 0.9%  Flush,4
OTHER,Soln.,2
OTHER,Vial,1
OTHER,Warfarin,1
BLACK/AFRICAN AMERICAN,0.9% Sodium Chloride,24
BLACK/AFRICAN AMERICAN,1/2 NS,4
BLACK/AFRICAN AMERICAN,5% Dextrose,19
BLACK/AFRICAN AMERICAN,Acetaminophen,6
BLACK/AFRICAN AMERICAN,Albuterol 0.083% Neb Soln,9
BLACK/AFRICAN AMERICAN,Albuterol Inhaler,3
BLACK/AFRICAN AMERICAN,Albuterol Neb Soln,3
BLACK/AFRICAN AMERICAN,Albuterol-Ipratropium,2
BLACK/AFRICAN AMERICAN,Allopurinol,1
BLACK/AFRICAN AMERICAN,Alteplase (Catheter Clearance),2
BLACK/AFRICAN AMERICAN,Amlodipine,2
BLACK/AFRICAN AMERICAN,Ampicillin Sodium,1
BLACK/AFRICAN AMERICAN,Ascorbic Acid,2
BLACK/AFRICAN AMERICAN,Aspirin,11
BLACK/AFRICAN AMERICAN,Aspirin EC,2
BLACK/AFRICAN AMERICAN,Atorvastatin,4
BLACK/AFRICAN AMERICAN,Azithromycin ,2
BLACK/AFRICAN AMERICAN,Bisacodyl,7
BLACK/AFRICAN AMERICAN,Cabergoline,2
BLACK/AFRICAN AMERICAN,Calcium Carbonate,5
BLACK/AFRICAN AMERICAN,Calcium Gluconate,8
BLACK/AFRICAN AMERICAN,CefTRIAXone,2
BLACK/AFRICAN AMERICAN,CefePIME,1
BLACK/AFRICAN AMERICAN,Cefpodoxime Proxetil,1
BLACK/AFRICAN AMERICAN,CeftazIDIME,1
BLACK/AFRICAN AMERICAN,CeftriaXONE,2
BLACK/AFRICAN AMERICAN,Ceftriaxone,1
BLACK/AFRICAN AMERICAN,Chlorhexidine Gluconate 0.12% Oral Rinse,1
BLACK/AFRICAN AMERICAN,Cinacalcet,2
BLACK/AFRICAN AMERICAN,Ciprofloxacin HCl,2
BLACK/AFRICAN AMERICAN,Ciprofloxacin IV,1
BLACK/AFRICAN AMERICAN,Cisatracurium Besylate,6
BLACK/AFRICAN AMERICAN,Citrate Dextrose 3% (ACD-A) CRRT,1
BLACK/AFRICAN AMERICAN,Cosyntropin,2
BLACK/AFRICAN AMERICAN,D5W,51
BLACK/AFRICAN AMERICAN,Dexamethasone,4
BLACK/AFRICAN AMERICAN,Dextrose 50%,2
BLACK/AFRICAN AMERICAN,Digoxin,2
BLACK/AFRICAN AMERICAN,Diltiazem,1
BLACK/AFRICAN AMERICAN,Diphenhydramine HCl,1
BLACK/AFRICAN AMERICAN,Docusate Sodium,7
BLACK/AFRICAN AMERICAN,Docusate Sodium (Liquid),2
BLACK/AFRICAN AMERICAN,DopAmine,4
BLACK/AFRICAN AMERICAN,Dostinex,2
BLACK/AFRICAN AMERICAN,Epoetin Alfa,2
BLACK/AFRICAN AMERICAN,Escitalopram Oxalate,1
BLACK/AFRICAN AMERICAN,Famotidine,4
BLACK/AFRICAN AMERICAN,Famotidine (IV),1
BLACK/AFRICAN AMERICAN,Fentanyl Citrate,4
BLACK/AFRICAN AMERICAN,Ferrous Sulfate,3
BLACK/AFRICAN AMERICAN,Fludrocortisone Acetate,3
BLACK/AFRICAN AMERICAN,Flumazenil,1
BLACK/AFRICAN AMERICAN,FoLIC Acid,1
BLACK/AFRICAN AMERICAN,Furosemide,15
BLACK/AFRICAN AMERICAN,GlipiZIDE,2
BLACK/AFRICAN AMERICAN,Glipizide,1
BLACK/AFRICAN AMERICAN,Haloperidol,4
BLACK/AFRICAN AMERICAN,Heparin,11
BLACK/AFRICAN AMERICAN,Heparin Flush (5000 Units/mL),3
BLACK/AFRICAN AMERICAN,Heparin Flush CRRT (5000 Units/mL),1
BLACK/AFRICAN AMERICAN,Heparin Flush CVL  (100 units/ml),4
BLACK/AFRICAN AMERICAN,Heparin Sodium,6
BLACK/AFRICAN AMERICAN,Hydralazine HCl,7
BLACK/AFRICAN AMERICAN,Hydrocodone-Acetaminophen,2
BLACK/AFRICAN AMERICAN,Hydrocortisone Na Succ.,9
BLACK/AFRICAN AMERICAN,Influenza Virus Vaccine,2
BLACK/AFRICAN AMERICAN,Insulin,60
BLACK/AFRICAN AMERICAN,Insulin Human Regular,4
BLACK/AFRICAN AMERICAN,Ipratropium Bromide MDI,3
BLACK/AFRICAN AMERICAN,Ipratropium Bromide Neb,11
BLACK/AFRICAN AMERICAN,Iso-Osmotic Dextrose,46
BLACK/AFRICAN AMERICAN,Iso-Osmotic Sodium Chloride,5
BLACK/AFRICAN AMERICAN,Isosorbide Dinitrate,3
BLACK/AFRICAN AMERICAN,Ketorolac,2
BLACK/AFRICAN AMERICAN,Lactulose,7
BLACK/AFRICAN AMERICAN,Lactulose Enema,1
BLACK/AFRICAN AMERICAN,Lansoprazole Oral Disintegrating Tab,2
BLACK/AFRICAN AMERICAN,Levofloxacin,5
BLACK/AFRICAN AMERICAN,Levothyroxine Sodium,6
BLACK/AFRICAN AMERICAN,Lidocaine Jelly 2%,1
BLACK/AFRICAN AMERICAN,Linezolid,2
BLACK/AFRICAN AMERICAN,Lorazepam,9
BLACK/AFRICAN AMERICAN,Losartan Potassium,2
BLACK/AFRICAN AMERICAN,Magnesium Oxide,1
BLACK/AFRICAN AMERICAN,Magnesium Sulfate,6
BLACK/AFRICAN AMERICAN,MetRONIDAZOLE (FLagyl),5
BLACK/AFRICAN AMERICAN,MethylPREDNISolone Sodium Succ,1
BLACK/AFRICAN AMERICAN,Metoclopramide,2
BLACK/AFRICAN AMERICAN,Metoprolol,12
BLACK/AFRICAN AMERICAN,Metoprolol Tartrate,4
BLACK/AFRICAN AMERICAN,Metronidazole,5
BLACK/AFRICAN AMERICAN,Miconazole Powder 2%,3
BLACK/AFRICAN AMERICAN,Midazolam,1
BLACK/AFRICAN AMERICAN,Midazolam HCl,2
BLACK/AFRICAN AMERICAN,Midodrine,3
BLACK/AFRICAN AMERICAN,Midodrine HCl,4
BLACK/AFRICAN AMERICAN,Moexipril HCl,1
BLACK/AFRICAN AMERICAN,Morphine Sulfate,7
BLACK/AFRICAN AMERICAN,Multivitamins,1
BLACK/AFRICAN AMERICAN,Multivitamins W/minerals,3
BLACK/AFRICAN AMERICAN,NS,24
BLACK/AFRICAN AMERICAN,NS (Mini Bag Plus),2
BLACK/AFRICAN AMERICAN,Nafcillin,1
BLACK/AFRICAN AMERICAN,Nephrocaps,1
BLACK/AFRICAN AMERICAN,Nesiritide,2
BLACK/AFRICAN AMERICAN,Neutra-Phos,2
BLACK/AFRICAN AMERICAN,Norepinephrine,11
BLACK/AFRICAN AMERICAN,Nystatin Cream,1
BLACK/AFRICAN AMERICAN,Nystatin Oral Suspension,1
BLACK/AFRICAN AMERICAN,Olanzapine,4
BLACK/AFRICAN AMERICAN,Olanzapine (Disintegrating Tablet),3
BLACK/AFRICAN AMERICAN,Omeprazole,1
BLACK/AFRICAN AMERICAN,Ondansetron,2
BLACK/AFRICAN AMERICAN,Oxycodone-Acetaminophen,2
BLACK/AFRICAN AMERICAN,Pantoprazole,5
BLACK/AFRICAN AMERICAN,Pantoprazole Sodium,3
BLACK/AFRICAN AMERICAN,Phytonadione,5
BLACK/AFRICAN AMERICAN,Piperacillin-Tazobactam Na,14
BLACK/AFRICAN AMERICAN,Pneumococcal Vac Polyvalent,3
BLACK/AFRICAN AMERICAN,Potassium Chloride,30
BLACK/AFRICAN AMERICAN,PredniSONE,3
BLACK/AFRICAN AMERICAN,Prednisone,15
BLACK/AFRICAN AMERICAN,Prismasate (B22 K4),7
BLACK/AFRICAN AMERICAN,Prismasate (B32 K2),5
BLACK/AFRICAN AMERICAN,Propofol,6
BLACK/AFRICAN AMERICAN,Propofol (Generic),1
BLACK/AFRICAN AMERICAN,Quinidine Gluconate,2
BLACK/AFRICAN AMERICAN,Ranitidine,7
BLACK/AFRICAN AMERICAN,Ranitidine (Liquid),2
BLACK/AFRICAN AMERICAN,Rifaximin,2
BLACK/AFRICAN AMERICAN,Risperidone,2
BLACK/AFRICAN AMERICAN,SW,18
BLACK/AFRICAN AMERICAN,Sarna Lotion,2
BLACK/AFRICAN AMERICAN,Senna,12
BLACK/AFRICAN AMERICAN,Sevelamer,3
BLACK/AFRICAN AMERICAN,Sodium CITRATE 4%,1
BLACK/AFRICAN AMERICAN,Sodium Chloride 0.9%  Flush,7
BLACK/AFRICAN AMERICAN,Sodium Phosphate,3
BLACK/AFRICAN AMERICAN,Sodium Polystyrene Sulfonate,1
BLACK/AFRICAN AMERICAN,Sulfameth/Trimethoprim,2
BLACK/AFRICAN AMERICAN,Syringe,9
BLACK/AFRICAN AMERICAN,Thiamine,1
BLACK/AFRICAN AMERICAN,Unasyn,1
BLACK/AFRICAN AMERICAN,Vancomycin,15
BLACK/AFRICAN AMERICAN,Vancomycin HCl,17
BLACK/AFRICAN AMERICAN,Vasopressin,4
BLACK/AFRICAN AMERICAN,Vial,5
BLACK/AFRICAN AMERICAN,Vitamin D,4
BLACK/AFRICAN AMERICAN,Warfarin,4
BLACK/AFRICAN AMERICAN,Zinc Sulfate,1
BLACK/AFRICAN AMERICAN,Zolpidem Tartrate,2
BLACK/AFRICAN AMERICAN,sevelamer HYDROCHLORIDE,1
BLACK/AFRICAN AMERICAN,traZODONE,2
WHITE,*NF* Ertapenem Sodium,1
WHITE,*NF* Rasburicase,6
WHITE,0.83% Sodium Chloride,1
WHITE,0.9% Sodium Chloride,338
WHITE,0.9% Sodium Chloride (Mini Bag Plus),15
WHITE,1/2 NS,21
WHITE,5% Dextrose,204
WHITE,AMP,6
WHITE,Acebutolol HCl,1
WHITE,AcetaZOLamide,9
WHITE,AcetaZOLamide Sodium,5
WHITE,Acetaminophen,145
WHITE,Acetaminophen (Liquid),5
WHITE,Acetaminophen w/Codeine,7
WHITE,Acetylcysteine 20%,24
WHITE,Acular,2
WHITE,Acyclovir,17
WHITE,Adenosine,1
WHITE,Albumin,1
WHITE,Albumin 25% (12.5 g),10
WHITE,Albumin 25% (12.5g / 50mL),7
WHITE,Albumin 25% (12.5gm),1
WHITE,Albumin 5%,1
WHITE,Albumin 5% (12.5 g),6
WHITE,Albumin 5% (12.5g / 250mL),5
WHITE,Albumin 5% (25 g),2
WHITE,Albumin 5% (25g / 500mL),1
WHITE,"Albumin, Human",1
WHITE,Albuterol,10
WHITE,Albuterol 0.083% Neb Soln,73
WHITE,Albuterol Inhaler,24
WHITE,Albuterol MDI,1
WHITE,Albuterol Neb Soln,3
WHITE,Albuterol-Ipratropium,10
WHITE,Alendronate Sodium,4
WHITE,Allopurinol,10
WHITE,Alprazolam,13
WHITE,Alteplase (Catheter Clearance),14
WHITE,Aluminum Hydroxide Suspension,4
WHITE,Aluminum-Magnesium Hydrox.-Simethicone,5
WHITE,Amino Acids 4.25% W/ Dextrose 5%,12
WHITE,Amiodarone,20
WHITE,Amiodarone HCl,33
WHITE,Amlodipine,6
WHITE,Amoxicillin-Clavulanic Acid,1
WHITE,Amphotericin B,2
WHITE,Ampicillin Sodium,7
WHITE,Ampicillin-Sulbactam,2
WHITE,Artificial Tear Ointment,16
WHITE,Artificial Tears,24
WHITE,Artificial Tears Preserv. Free,2
WHITE,Ascorbic Acid,6
WHITE,Aspirin,50
WHITE,Aspirin EC,16
WHITE,Atenolol,27
WHITE,Atorvastatin,31
WHITE,Atovaquone Suspension,4
WHITE,Atropine Sulfate,6
WHITE,Azithromycin,21
WHITE,Azithromycin ,8
WHITE,Bacitracin/Polymyxin B Sulfate Opht. Oint,6
WHITE,Baclofen,1
WHITE,Bag,3
WHITE,Basiliximab,1
WHITE,Benzocaine 20% Spray,1
WHITE,Benzonatate,2
WHITE,Bisacodyl,122
WHITE,Bismuth Subsalicylate,1
WHITE,Brimonidine Tartrate 0.15% Ophth.,11
WHITE,Bupivacaine 0.1%,9
WHITE,Bupivacaine 0.75%,2
WHITE,Butalbital-Acet-Caffeine,2
WHITE,Calcitriol,2
WHITE,Calcium Acetate,2
WHITE,Calcium Carbonate,17
WHITE,Calcium Chloride,3
WHITE,Calcium Gluconate,104
WHITE,Calcium Replacement (Oncology),4
WHITE,Candesartan,1
WHITE,Caphosol,2
WHITE,Captopril,18
WHITE,Carbidopa-Levodopa (10-100),1
WHITE,Carbidopa-Levodopa (25-250),9
WHITE,Carbidopa-Levodopa CR (25-100),1
WHITE,Carboplatin,3
WHITE,Carvedilol,3
WHITE,CefTRIAXone,1
WHITE,CefazoLIN,9
WHITE,Cefazolin,3
WHITE,CefePIME,27
WHITE,Cefepime,2
WHITE,Cefpodoxime Proxetil,3
WHITE,CeftAZIDime,2
WHITE,CeftazIDIME,2
WHITE,Ceftazidime,2
WHITE,CeftriaXONE,18
WHITE,Ceftriaxone,9
WHITE,Cepacol (Menthol),9
WHITE,Cephalexin,3
WHITE,Cetylpyridinium Chl (Cepacol),2
WHITE,Chlorhexidine Gluconate 0.12% Oral Rinse,21
WHITE,ChlorproMAZINE,6
WHITE,Cilostazol,1
WHITE,Cimetidine,1
WHITE,Ciprofloxacin,6
WHITE,Ciprofloxacin 0.3% Ophth Soln,3
WHITE,Ciprofloxacin HCl,32
WHITE,Ciprofloxacin IV,17
WHITE,Cisatracurium Besylate,5
WHITE,Citalopram Hydrobromide,5
WHITE,Clarithromycin,1
WHITE,Clindamycin,3
WHITE,Clindamycin Suspension,1
WHITE,Clonazepam,6
WHITE,CloniDINE,1
WHITE,Clonidine Patch 0.1 mg/24 hr,3
WHITE,Clonidine Patch 0.3 mg/24 hr,1
WHITE,Clopidogrel,7
WHITE,Clopidogrel Bisulfate,16
WHITE,Clotrimazole,2
WHITE,Clotrimazole Cream,2
WHITE,Codeine Sulfate,3
WHITE,Collagenase Ointment,6
WHITE,Cosyntropin,17
WHITE,Creon 10,2
WHITE,Cromolyn,2
WHITE,Cyanocobalamin,2
WHITE,Cyclophosphamide,12
WHITE,Cyproheptadine,4
WHITE,Cytarabine,6
WHITE,D5 1/2NS,56
WHITE,D5LR,2
WHITE,D5NS,11
WHITE,D5W,391
WHITE,D5W (EXCEL BAG),28
WHITE,D5W (Glass Bottle),3
WHITE,DOBUTamine,6
WHITE,DOPamine,6
WHITE,DOXOrubicin,16
WHITE,Danazol,1
WHITE,Dapsone,2
WHITE,Daptomycin,1
WHITE,Demeclocycline,1
WHITE,Desitin,2
WHITE,Dexamethasone,39
WHITE,Dexamethasone Sod Phosphate,7
WHITE,Dextromethorphan-Guaifenesin (Sugar Free),3
WHITE,Dextrose 5%,35
WHITE,Dextrose 50%,13
WHITE,Diazepam,8
WHITE,Dicloxacillin,1
WHITE,Digoxin,10
WHITE,Diltiazem,21
WHITE,Diltiazem Extended-Release,3
WHITE,DiphenhydrAMINE,41
WHITE,DiphenhydrAMINE HCl,1
WHITE,Diphenhydramine HCl,16
WHITE,Divalproex (EXTended Release),1
WHITE,Divalproex Sod. Sprinkles,1
WHITE,Docetaxel,1
WHITE,Docusate Sodium,84
WHITE,Docusate Sodium (Liquid),47
WHITE,Dolasetron Mesylate,13
WHITE,Donepezil,11
WHITE,Donepezil 5 mg or Placebo,2
WHITE,DopAmine,9
WHITE,Dorzolamide 2%/Timolol 0.5% Ophth.,6
WHITE,Doxazosin,1
WHITE,Doxycycline Hyclate,6
WHITE,Dronabinol,1
WHITE,Enalapril Maleate,3
WHITE,Enalaprilat,6
WHITE,Enoxaparin Sodium,30
WHITE,Epidural Bag,9
WHITE,Epinephrine,1
WHITE,Epinephrine HCl,1
WHITE,Epoetin Alfa,2
WHITE,Epoprostenol Na,1
WHITE,Erythromycin,4
WHITE,Erythromycin 0.5% Ophth Oint,15
WHITE,Esmolol,5
WHITE,Esmolol in Saline (Iso-osm),1
WHITE,Ethambutol HCl,1
WHITE,Etoposide,10
WHITE,Exelon,1
WHITE,Famotidine,35
WHITE,Fat Emulsion 20%,3
WHITE,Felodipine,3
WHITE,Fentanyl Citrate,89
WHITE,Fentanyl Patch,5
WHITE,Ferrous Gluconate,1
WHITE,Ferrous Sulfate,13
WHITE,Filgrastim,8
WHITE,Finasteride,2
WHITE,Fleet Phospho-Soda,2
WHITE,Fluconazole,25
WHITE,Fludrocortisone Acetate,9
WHITE,Fluocinonide 0.05% Ointment,2
WHITE,Fluticasone Propionate 110mcg,4
WHITE,Fluticasone Propionate NASAL,2
WHITE,Fluticasone-Salmeterol (100/50),2
WHITE,Fluticasone-Salmeterol (250/50) ,3
WHITE,Fluticasone-Salmeterol Diskus (100/50),1
WHITE,Fluticasone-Salmeterol Diskus (250/50) ,5
WHITE,FoLIC Acid,9
WHITE,Folic Acid,2
WHITE,Fondaparinux Sodium,2
WHITE,Fosinopril,1
WHITE,Fosphenytoin,9
WHITE,Furosemide,388
WHITE,Gabapentin,18
WHITE,Gammagard Liquid,2
WHITE,Ganciclovir,6
WHITE,Gelclair,2
WHITE,Gentamicin,4
WHITE,GlipiZIDE,6
WHITE,GlipiZIDE XL,5
WHITE,Glipizide,2
WHITE,Glucagon,4
WHITE,Glyburide,2
WHITE,Glycopyrrolate,6
WHITE,Golytely,1
WHITE,Guaifenesin,13
WHITE,Guaifenesin-Codeine Phosphate,1
WHITE,Guaifenesin-Dextromethorphan,2
WHITE,HYDROmorphone (Dilaudid),99
WHITE,HYDROmorphone P.F.,9
WHITE,HYDROmorphone-HP,1
WHITE,Haloperidol,47
WHITE,Heparin,152
WHITE,Heparin CRRT,2
WHITE,Heparin Flush ,2
WHITE,Heparin Flush (10 units/ml),20
WHITE,Heparin Flush (100 units/ml),9
WHITE,Heparin Flush CRRT (5000 Units/mL),2
WHITE,Heparin Flush CVL  (100 units/ml),27
WHITE,Heparin Flush Hickman (100 units/ml),2
WHITE,Heparin Flush PICC (100 units/ml),8
WHITE,Heparin Lock Flush,3
WHITE,Heparin Sodium,78
WHITE,Hepatitis B Immune Globulin (Nabi-HB),9
WHITE,Hespan,6
WHITE,Humulin-R Insulin,5
WHITE,HydrALAZINE HCl,4
WHITE,HydrALAzine,16
WHITE,Hydralazine HCl,13
WHITE,Hydrochlorothiazide,5
WHITE,Hydrocodone-Acetaminophen,2
WHITE,Hydrocortisone Na Succ.,16
WHITE,Hydrocortisone Na Succinate,12
WHITE,Hydromorphone,12
WHITE,Hydroxyurea,2
WHITE,Hyoscyamine,1
WHITE,Ibuprofen Suspension,1
WHITE,Imipramine,1
WHITE,Indomethacin,8
WHITE,Influenza Virus Vaccine,22
WHITE,Insulin,274
WHITE,Insulin Human Regular,16
WHITE,Ipratropium Bromide MDI,29
WHITE,Ipratropium Bromide Neb,53
WHITE,Iso-Osmotic Dextrose,237
WHITE,Iso-Osmotic Sodium Chloride,29
WHITE,Isoniazid,2
WHITE,Isosorbide Mononitrate (Extended Release),6
WHITE,Isotonic Sodium Chloride,4
WHITE,Ketorolac,12
WHITE,LR,84
WHITE,Labetalol,13
WHITE,Labetalol HCl,3
WHITE,Lacri-Lube Oint,1
WHITE,Lactulose,39
WHITE,Lactulose Enema,4
WHITE,Lamivudine,5
WHITE,Lansoprazole,6
WHITE,Lansoprazole Oral Disintegrating Tab,14
WHITE,Lansoprazole Oral Solution,1
WHITE,Lansoprazole Oral Suspension,8
WHITE,Latanoprost 0.005% Ophth. Soln.,2
WHITE,LeVETiracetam,9
WHITE,Leucovorin Calcium,24
WHITE,Levalbuterol HCl,1
WHITE,Levofloxacin,56
WHITE,Levothyroxine Sodium,20
WHITE,Lidocaine,2
WHITE,Lidocaine 1%,4
WHITE,Lidocaine 1%/Epinephrine 1:100000,1
WHITE,Lidocaine 5% Patch,5
WHITE,Lidocaine Jelly 2%,1
WHITE,Lidocaine Jelly 2% (Urojet),4
WHITE,Lidocaine Viscous 2%,3
WHITE,Linezolid,2
WHITE,Lisinopril,57
WHITE,Loperamide,2
WHITE,Loperamide HCl,1
WHITE,Lorazepam,112
WHITE,Lumigan,2
WHITE,Maalox/Diphenhydramine/Lidocaine,3
WHITE,Magnesium Citrate,6
WHITE,Magnesium Oxide,9
WHITE,Magnesium Sulfate,222
WHITE,Mannitol 20%,1
WHITE,Meclizine,1
WHITE,Meperidine,3
WHITE,Meropenem,16
WHITE,Mesna,2
WHITE,MetFORMIN XR (Glucophage XR),1
WHITE,MetRONIDAZOLE (FLagyl),19
WHITE,Metformin,1
WHITE,Methadone,30
WHITE,Methadone HCl,9
WHITE,Methimazole,5
WHITE,Methotrexate Sodium,16
WHITE,Methotrexate Sodium P.F.,6
WHITE,MethylPREDNISolone Sodium Succ,11
WHITE,Methylnaltrexone,6
WHITE,Methylprednisolone Na Succ,4
WHITE,Methylprednisolone Na Succ.,10
WHITE,Metoclopramide,12
WHITE,Metolazone,2
WHITE,Metoprolol,152
WHITE,Metoprolol Succinate XL,5
WHITE,Metoprolol Tartrate,157
WHITE,Metoprolol XL,9
WHITE,Metronidazole,26
WHITE,Miconazole Powder 2%,27
WHITE,Midazolam,31
WHITE,Midazolam HCl,18
WHITE,Milk of Magnesia,16
WHITE,Milrinone,11
WHITE,Mineral Oil,8
WHITE,Mirtazapine,1
WHITE,Moexipril HCl,1
WHITE,Montelukast Sodium,3
WHITE,Morphine SR (MS Contin),20
WHITE,Morphine Sulfate,216
WHITE,Morphine Sulfate (Concentrated Oral Soln),1
WHITE,Morphine Sulfate IR,12
WHITE,Multivitamin 12,3
WHITE,Multivitamin IV,11
WHITE,Multivitamins,32
WHITE,Multivitamins W/minerals,2
WHITE,Mycophenolate Mofetil,5
WHITE,NIFEdipine CR,2
WHITE,NS,366
WHITE,NS        (Glass Bottle),1
WHITE,NS (Glass Bottle),7
WHITE,NS (Mini Bag Plus),33
WHITE,Nadolol,2
WHITE,Nafcillin,13
WHITE,Naloxone,8
WHITE,Namenda,1
WHITE,Naphazoline-Pheniramine Ophth. Solution,2
WHITE,Naproxen,3
WHITE,Neomycin-Polymyxin-Dexameth Ophth. Oint,3
WHITE,Neostigmine,4
WHITE,Nephrocaps,1
WHITE,Nesiritide,4
WHITE,Neutra-Phos,32
WHITE,NiCARdipine IV,4
WHITE,Nicotine Patch,1
WHITE,Nitroglycerin,15
WHITE,Nitroglycerin Ointment  2%,3
WHITE,Nitroglycerin SL,2
WHITE,Nitroprusside Sodium,4
WHITE,Norepinephrine,37
WHITE,Normocarb,18
WHITE,Nortriptyline,4
WHITE,Ny,1
WHITE,Nystatin Ointment,2
WHITE,Nystatin Oral Suspension,10
WHITE,Nystatin-Triamcinolone Cream,3
WHITE,Nystatin-Triamcinolone Ointment,1
WHITE,Octreotide Acetate,13
WHITE,Olanzapine,11
WHITE,Olanzapine (Disintegrating Tablet),8
WHITE,Omeprazole,9
WHITE,Ondansetron,57
WHITE,Ondansetron ODT,4
WHITE,Oxybutynin,3
WHITE,OxycoDONE (Immediate Release) ,12
WHITE,OxycoDONE Liquid,1
WHITE,OxycoDONE-Acetaminophen Elixir,5
WHITE,Oxycodone,1
WHITE,Oxycodone (Sustained Release),1
WHITE,Oxycodone-Acetaminophen,23
WHITE,Oxycodone-Acetaminophen Elixir,2
WHITE,PENTObarbital Sodium,6
WHITE,PHENObarbital,9
WHITE,PNEUMOcoccal Vac Polyvalent,1
WHITE,Paclitaxel,2
WHITE,Pantoprazole,73
WHITE,Pantoprazole Sodium,79
WHITE,Papain 2.5 % Solution,1
WHITE,Paroxetine,5
WHITE,Paroxetine HCl,2
WHITE,Penicillin G Potassium,4
WHITE,Penicillin V Potassium,1
WHITE,Pentamidine-Inhalation,4
WHITE,Phenazopyridine,1
WHITE,Phenylephrine,18
WHITE,Phenylephrine HCl,12
WHITE,Phenytoin,12
WHITE,Phenytoin Sodium,8
WHITE,Phytonadione,22
WHITE,Pioglitazone HCl,1
WHITE,Piperacillin-Tazobactam,10
WHITE,Piperacillin-Tazobactam Na,21
WHITE,Pletal,1
WHITE,Pneumococcal Vac Polyvalent,29
WHITE,Polyethylene Glycol,10
WHITE,Potassium Chl 20 mEq / 1000 mL D5 1/2 NS,24
WHITE,Potassium Chl 20 mEq / 1000 mL D5NS,4
WHITE,Potassium Chl 20 mEq / 1000 mL NS,4
WHITE,Potassium Chl 40 mEq / 1000 mL D5 1/2 NS,2
WHITE,Potassium Chl 40 mEq / 1000 mL NS,3
WHITE,Potassium Chloride,508
WHITE,Potassium Chloride Replacement (Oncology),18
WHITE,Potassium Phosphate,36
WHITE,Pravastatin,3
WHITE,PredniSONE,49
WHITE,PrednisoLONE Acetate 1% Ophth. Susp.,4
WHITE,Prednisone,29
WHITE,Pregabalin,14
WHITE,Prismasate (B32 K2),4
WHITE,Prochlorperazine,34
WHITE,Promethazine,1
WHITE,Promethazine HCl,1
WHITE,Propofol,48
WHITE,Propofol (Generic),1
WHITE,Propoxyphene Nap.-Apap (N-100),2
WHITE,Propra,1
WHITE,Propranolol,2
WHITE,Pseudoephedrine HCl,1
WHITE,Pyrazinamide,1
WHITE,Pyridoxine HCl,1
WHITE,Quetiapine Fumarate,5
WHITE,Quinapril,1
WHITE,Ranitidine,11
WHITE,Rifampin,5
WHITE,Rifaximin,1
WHITE,Rituximab,6
WHITE,Rosuvastatin Calcium,1
WHITE,SW,250
WHITE,Salmeterol Xinafoate Diskus (50 mcg),2
WHITE,Sarna Lotion,3
WHITE,Scopolamine Patch,12
WHITE,Senna,95
WHITE,Sertraline,4
WHITE,Sevelamer,3
WHITE,Simethicone,5
WHITE,Simvastatin,12
WHITE,Sirolimus,6
WHITE,Sodium Bicarbonate,97
WHITE,Sodium Chloride,8
WHITE,Sodium Chloride ,6
WHITE,Sodium Chloride 0.9%  Flush,208
WHITE,Sodium Chloride 3% (Hypertonic),4
WHITE,Sodium Chloride Nasal,4
WHITE,Sodium Phosphate,2
WHITE,Sodium Polystyrene Sulfonate,17
WHITE,Soln,18
WHITE,Soln.,1
WHITE,Solution,1
WHITE,Spironolactone,11
WHITE,Sterile Diluent for Flolan,1
WHITE,Sterile Water,22
WHITE,Sterile Water For Irrigation,2
WHITE,Sucralfate,7
WHITE,Sulfameth/Trimethoprim,6
WHITE,Sulfameth/Trimethoprim DS,8
WHITE,Sulfameth/Trimethoprim SS,11
WHITE,Sulfameth/Trimethoprim Suspension,1
WHITE,Sumatriptan Succinate,2
WHITE,Syringe,19
WHITE,Syringe (0.9% Sodium Chloride),6
WHITE,Syringe (Chemo),14
WHITE,Syringe (IV Room),10
WHITE,Tacrolimus,51
WHITE,Tamsulosin,8
WHITE,Theophylline (Oral Solution),1
WHITE,Thiamine,8
WHITE,Thiamine HCl,2
WHITE,Thioridazine HCl,1
WHITE,Timolol Maleate 0.25%,7
WHITE,Timolol Maleate 0.5%,1
WHITE,Tiotropium Bromide,5
WHITE,Tizanidine,4
WHITE,Tizanidine HCl,2
WHITE,Tobramycin Sulfate,3
WHITE,Tocopheryl,1
WHITE,Tolterodine,5
WHITE,Torsemide,1
WHITE,TraMADOL (Ultram),6
WHITE,Unasyn,5
WHITE,Ursodiol,2
WHITE,Valganciclovir HCl,4
WHITE,Valsartan,5
WHITE,Vancomycin,94
WHITE,Vancomycin Enema,2
WHITE,Vancomycin HCl,83
WHITE,Vancomycin Oral Liquid,6
WHITE,Vasopressin,4
WHITE,Vecuronium Bromide,1
WHITE,Venlafaxine XR,1
WHITE,Verapamil SR,1
WHITE,Vial,78
WHITE,Vigamox,12
WHITE,VinCRIStine (Oncovin),6
WHITE,Viokase-8,1
WHITE,Vitamin D,12
WHITE,Warfarin,60
WHITE,Xopenex,3
WHITE,Xopenex Neb,4
WHITE,Zinc Sulfate,2
WHITE,Ziprasidone,8
WHITE,Zolpidem Tartrate,22
WHITE,donepezil 5 mg or placebo,4
WHITE,sodium bicar,4
WHITE,sodium bicarb,1
WHITE,traMADOL,8
WHITE,traZODONE,10
WHITE,traZODONE HCl,5
WHITE,tucks,1
ASIAN,Acetaminophen,2
ASIAN,Acetylcysteine 20%,2
ASIAN,Albuterol 0.083% Neb Soln,2
ASIAN,Albuterol Neb Soln,1
ASIAN,Alendronate Sodium,1
ASIAN,Ampicillin,1
ASIAN,Ampicillin Sodium,1
ASIAN,Artificial Tear Ointment,1
ASIAN,Artificial Tears,1
ASIAN,Atorvastatin,1
ASIAN,Azithromycin,1
ASIAN,Azithromycin ,1
ASIAN,Bisacodyl,2
ASIAN,Calcium Carbonate,2
ASIAN,Calcium Gluconate,4
ASIAN,Ceftriaxone,2
ASIAN,Cephalexin,1
ASIAN,Cisatracurium Besylate,4
ASIAN,Cosyntropin,1
ASIAN,D5NS,2
ASIAN,D5W,27
ASIAN,Dexamethasone,1
ASIAN,Docusate Sodium,1
ASIAN,Estrogens Conjugated,1
ASIAN,Famotidine,1
ASIAN,Fentanyl Citrate,5
ASIAN,Fluticasone Propionate 110mcg,1
ASIAN,Guaifenesin-Codeine Phosphate,3
ASIAN,Heparin,3
ASIAN,Humulin-R Insulin,1
ASIAN,Hydrocortisone,2
ASIAN,Hydrocortisone Na Succ.,1
ASIAN,Insulin,2
ASIAN,Iso-Osmotic Dextrose,5
ASIAN,Lactulose,6
ASIAN,Lansoprazole Oral Suspension,1
ASIAN,Levetiracetam,2
ASIAN,Levothyroxine Sodium,1
ASIAN,Magnesium Sulfate,2
ASIAN,Metformin,2
ASIAN,Metoprolol,1
ASIAN,Metoprolol XL,1
ASIAN,Midazolam HCl,4
ASIAN,Mineral Oil,1
ASIAN,NS,16
ASIAN,Nitrofurantoin (Macrodantin),1
ASIAN,Norepinephrine,1
ASIAN,Oxycodone,1
ASIAN,Pantoprazole,1
ASIAN,Pantoprazole Sodium,1
ASIAN,Piperacillin-Tazobactam Na,2
ASIAN,Potassium Chloride,6
ASIAN,Potassium Phosphate,1
ASIAN,Prednisone,2
ASIAN,Propofol,1
ASIAN,SW,3
ASIAN,Senna,1
ASIAN,Sodium Bicarbonate,8
ASIAN,Sodium Chloride,2
ASIAN,Sodium Chloride 0.9%  Flush,3
ASIAN,Soln.,2
ASIAN,Syringe,1
ASIAN,Tarceva,1
ASIAN,Tuberculin Protein,1
ASIAN,Vancomycin HCl,7
ASIAN,Vasopressin,1
ASIAN,Vecuronium Bromide,2
ASIAN,Vitamin D,1
ASIAN,Zonisamide,2
ASIAN,sodium bic,1
HISPANIC/LATINO - PUERTO RICAN,0.45% Sodium Chloride,45
HISPANIC/LATINO - PUERTO RICAN,0.9% Sodium Chloride,1290
HISPANIC/LATINO - PUERTO RICAN,0.9% Sodium Chloride (Mini Bag Plus),465
HISPANIC/LATINO - PUERTO RICAN,1/2 NS,60
HISPANIC/LATINO - PUERTO RICAN,5% Dextrose,585
HISPANIC/LATINO - PUERTO RICAN,Acetaminophen,255
HISPANIC/LATINO - PUERTO RICAN,Acetaminophen (Liquid),45
HISPANIC/LATINO - PUERTO RICAN,Acetaminophen IV,45
HISPANIC/LATINO - PUERTO RICAN,Acetylcysteine 20%,45
HISPANIC/LATINO - PUERTO RICAN,Albumin 25% (12.5g / 50mL),30
HISPANIC/LATINO - PUERTO RICAN,Albuterol 0.083% Neb Soln,195
HISPANIC/LATINO - PUERTO RICAN,Aluminum-Magnesium Hydrox.-Simethicone,45
HISPANIC/LATINO - PUERTO RICAN,Artificial Tears Preserv. Free,15
HISPANIC/LATINO - PUERTO RICAN,Ascorbic Acid,120
HISPANIC/LATINO - PUERTO RICAN,Ascorbic Acid (Liquid),30
HISPANIC/LATINO - PUERTO RICAN,Aspirin,15
HISPANIC/LATINO - PUERTO RICAN,Baclofen,255
HISPANIC/LATINO - PUERTO RICAN,Bag,210
HISPANIC/LATINO - PUERTO RICAN,Bisacodyl,150
HISPANIC/LATINO - PUERTO RICAN,Calcium Chloride,30
HISPANIC/LATINO - PUERTO RICAN,Calcium Gluconate,300
HISPANIC/LATINO - PUERTO RICAN,Capsaicin 0.025%,15
HISPANIC/LATINO - PUERTO RICAN,CefePIME,330
HISPANIC/LATINO - PUERTO RICAN,CeftriaXONE,45
HISPANIC/LATINO - PUERTO RICAN,Chlorhexidine Gluconate 0.12% Oral Rinse,90
HISPANIC/LATINO - PUERTO RICAN,Ciprofloxacin HCl,60
HISPANIC/LATINO - PUERTO RICAN,Ciprofloxacin IV,30
HISPANIC/LATINO - PUERTO RICAN,Citalopram,15
HISPANIC/LATINO - PUERTO RICAN,Clopidogrel,30
HISPANIC/LATINO - PUERTO RICAN,Creon 12,30
HISPANIC/LATINO - PUERTO RICAN,D5 1/2NS,60
HISPANIC/LATINO - PUERTO RICAN,D5W,150
HISPANIC/LATINO - PUERTO RICAN,DOPamine,45
HISPANIC/LATINO - PUERTO RICAN,Daptomycin,30
HISPANIC/LATINO - PUERTO RICAN,Dextrose 5%,45
HISPANIC/LATINO - PUERTO RICAN,Dextrose 50%,210
HISPANIC/LATINO - PUERTO RICAN,Docusate Sodium,105
HISPANIC/LATINO - PUERTO RICAN,Docusate Sodium (Liquid),105
HISPANIC/LATINO - PUERTO RICAN,Duloxetine,255
HISPANIC/LATINO - PUERTO RICAN,Enoxaparin Sodium,30
HISPANIC/LATINO - PUERTO RICAN,Famotidine,60
HISPANIC/LATINO - PUERTO RICAN,Fentanyl Citrate,180
HISPANIC/LATINO - PUERTO RICAN,Fentanyl Patch,360
HISPANIC/LATINO - PUERTO RICAN,Ferrous Sulfate,30
HISPANIC/LATINO - PUERTO RICAN,Ferrous Sulfate (Liquid),30
HISPANIC/LATINO - PUERTO RICAN,Fleet Enema,15
HISPANIC/LATINO - PUERTO RICAN,Furosemide,210
HISPANIC/LATINO - PUERTO RICAN,Gabapentin,465
HISPANIC/LATINO - PUERTO RICAN,Glucagon,180
HISPANIC/LATINO - PUERTO RICAN,HYDROmorphone (Dilaudid),60
HISPANIC/LATINO - PUERTO RICAN,Heparin,195
HISPANIC/LATINO - PUERTO RICAN,Heparin Flush (10 units/ml),165
HISPANIC/LATINO - PUERTO RICAN,Heparin Sodium,105
HISPANIC/LATINO - PUERTO RICAN,Hespan,15
HISPANIC/LATINO - PUERTO RICAN,HydrALAzine,15
HISPANIC/LATINO - PUERTO RICAN,Hydrocortisone Na Succ.,30
HISPANIC/LATINO - PUERTO RICAN,Influenza Virus Vaccine,30
HISPANIC/LATINO - PUERTO RICAN,Insulin,660
HISPANIC/LATINO - PUERTO RICAN,Ipratropium Bromide Neb,180
HISPANIC/LATINO - PUERTO RICAN,Iso-Osmotic Dextrose,495
HISPANIC/LATINO - PUERTO RICAN,Iso-Osmotic Sodium Chloride,15
HISPANIC/LATINO - PUERTO RICAN,LR,255
HISPANIC/LATINO - PUERTO RICAN,Lactated Ringers,120
HISPANIC/LATINO - PUERTO RICAN,Lactulose,45
HISPANIC/LATINO - PUERTO RICAN,Lansoprazole Oral Disintegrating Tab,120
HISPANIC/LATINO - PUERTO RICAN,Levofloxacin,75
HISPANIC/LATINO - PUERTO RICAN,Levothyroxine Sodium,300
HISPANIC/LATINO - PUERTO RICAN,Lidocaine 5% Patch,45
HISPANIC/LATINO - PUERTO RICAN,Lidocaine Jelly 2%,15
HISPANIC/LATINO - PUERTO RICAN,Lidocaine Jelly 2% (Urojet),30
HISPANIC/LATINO - PUERTO RICAN,Linezolid,105
HISPANIC/LATINO - PUERTO RICAN,Lisinopril,30
HISPANIC/LATINO - PUERTO RICAN,Magnesium Oxide,15
HISPANIC/LATINO - PUERTO RICAN,Magnesium Sulfate,375
HISPANIC/LATINO - PUERTO RICAN,Meropenem,165
HISPANIC/LATINO - PUERTO RICAN,MetRONIDAZOLE (FLagyl),90
HISPANIC/LATINO - PUERTO RICAN,Metoclopramide,45
HISPANIC/LATINO - PUERTO RICAN,Metoprolol Tartrate,120
HISPANIC/LATINO - PUERTO RICAN,Miconazole Powder 2%,45
HISPANIC/LATINO - PUERTO RICAN,Midazolam,165
HISPANIC/LATINO - PUERTO RICAN,Milk of Magnesia,30
HISPANIC/LATINO - PUERTO RICAN,Mirtazapine,225
HISPANIC/LATINO - PUERTO RICAN,Morphine SR (MS Contin),30
HISPANIC/LATINO - PUERTO RICAN,Morphine Sulfate,240
HISPANIC/LATINO - PUERTO RICAN,Morphine Sulfate (Concentrated Oral Soln),15
HISPANIC/LATINO - PUERTO RICAN,Morphine Sulfate (Oral Soln.),180
HISPANIC/LATINO - PUERTO RICAN,Morphine Sulfate IR,135
HISPANIC/LATINO - PUERTO RICAN,Multiple Vitamins Liq.,15
HISPANIC/LATINO - PUERTO RICAN,Multivitamins,150
HISPANIC/LATINO - PUERTO RICAN,NORepinephrine,75
HISPANIC/LATINO - PUERTO RICAN,NS,90
HISPANIC/LATINO - PUERTO RICAN,NS (Irrigation Bottle),30
HISPANIC/LATINO - PUERTO RICAN,NS (Mini Bag Plus),45
HISPANIC/LATINO - PUERTO RICAN,Naloxone,30
HISPANIC/LATINO - PUERTO RICAN,Neutra-Phos,375
HISPANIC/LATINO - PUERTO RICAN,Norepinephrine,75
HISPANIC/LATINO - PUERTO RICAN,Nystatin,15
HISPANIC/LATINO - PUERTO RICAN,Nystatin Oral Suspension,45
HISPANIC/LATINO - PUERTO RICAN,Olanzapine (Disintegrating Tablet),15
HISPANIC/LATINO - PUERTO RICAN,Omeprazole,30
HISPANIC/LATINO - PUERTO RICAN,Ondansetron,15
HISPANIC/LATINO - PUERTO RICAN,OxycoDONE (Immediate Release) ,15
HISPANIC/LATINO - PUERTO RICAN,OxycoDONE Liquid,15
HISPANIC/LATINO - PUERTO RICAN,PHENYLEPHrine,15
HISPANIC/LATINO - PUERTO RICAN,Pancrelipase 5000,30
HISPANIC/LATINO - PUERTO RICAN,Pantoprazole,120
HISPANIC/LATINO - PUERTO RICAN,Pantoprazole Sodium,15
HISPANIC/LATINO - PUERTO RICAN,Paroxetine,30
HISPANIC/LATINO - PUERTO RICAN,Phenylephrine,15
HISPANIC/LATINO - PUERTO RICAN,Phosphorus,45
HISPANIC/LATINO - PUERTO RICAN,Piperacillin-Tazobactam,105
HISPANIC/LATINO - PUERTO RICAN,Piperacillin-Tazobactam Na,30
HISPANIC/LATINO - PUERTO RICAN,Polyethylene Glycol,30
HISPANIC/LATINO - PUERTO RICAN,Potassium Chl 20 mEq / 1000 mL D5W,15
HISPANIC/LATINO - PUERTO RICAN,Potassium Chl 40 mEq / 1000 mL NS,15
HISPANIC/LATINO - PUERTO RICAN,Potassium Chloride,675
HISPANIC/LATINO - PUERTO RICAN,Potassium Chloride (Powder),165
HISPANIC/LATINO - PUERTO RICAN,Potassium Chloride Replacement (Oncology),90
HISPANIC/LATINO - PUERTO RICAN,Potassium Phosphate,135
HISPANIC/LATINO - PUERTO RICAN,Propofol,45
HISPANIC/LATINO - PUERTO RICAN,Ranitidine,30
HISPANIC/LATINO - PUERTO RICAN,SW,300
HISPANIC/LATINO - PUERTO RICAN,Senna,150
HISPANIC/LATINO - PUERTO RICAN,Simvastatin,30
HISPANIC/LATINO - PUERTO RICAN,Sodium Bicarbo,15
HISPANIC/LATINO - PUERTO RICAN,Sodium Bicarbonate,30
HISPANIC/LATINO - PUERTO RICAN,Sodium Chloride 0.9%  Flush,390
HISPANIC/LATINO - PUERTO RICAN,Sodium Phosphate,90
HISPANIC/LATINO - PUERTO RICAN,Sodium Polystyrene Sulfonate,15
HISPANIC/LATINO - PUERTO RICAN,Soln,45
HISPANIC/LATINO - PUERTO RICAN,Sterile Water,75
HISPANIC/LATINO - PUERTO RICAN,Tobramycin Sulfate,15
HISPANIC/LATINO - PUERTO RICAN,Vancomycin,375
HISPANIC/LATINO - PUERTO RICAN,Vancomycin Enema,30
HISPANIC/LATINO - PUERTO RICAN,Vancomycin Oral Liquid,75
HISPANIC/LATINO - PUERTO RICAN,Vasopressin,30
HISPANIC/LATINO - PUERTO RICAN,Vial,60
HISPANIC/LATINO - PUERTO RICAN,Vitamin D,15
HISPANIC/LATINO - PUERTO RICAN,Warfarin,480
HISPANIC/LATINO - PUERTO RICAN,Zinc Sulfate,60
HISPANIC/LATINO - PUERTO RICAN,traZODONE,30
UNKNOWN/NOT SPECIFIED,0.9% Sodium Chloride,3
UNKNOWN/NOT SPECIFIED,1/2 NS,1
UNKNOWN/NOT SPECIFIED,Acetaminophen,9
UNKNOWN/NOT SPECIFIED,Acetaminophen w/Codeine,4
UNKNOWN/NOT SPECIFIED,Acetylcysteine 20%,2
UNKNOWN/NOT SPECIFIED,Alteplase (Catheter Clearance),2
UNKNOWN/NOT SPECIFIED,Amlodipine,1
UNKNOWN/NOT SPECIFIED,Aspirin,4
UNKNOWN/NOT SPECIFIED,Aspirin EC,1
UNKNOWN/NOT SPECIFIED,Atorvastatin,2
UNKNOWN/NOT SPECIFIED,Atropine Sulfate,2
UNKNOWN/NOT SPECIFIED,Azithromycin,2
UNKNOWN/NOT SPECIFIED,Bisacodyl,2
UNKNOWN/NOT SPECIFIED,Calcium Carbonate,4
UNKNOWN/NOT SPECIFIED,Calcium Chloride,3
UNKNOWN/NOT SPECIFIED,Calcium Gluconate,5
UNKNOWN/NOT SPECIFIED,Captopril,1
UNKNOWN/NOT SPECIFIED,Cefazolin,1
UNKNOWN/NOT SPECIFIED,Cefepime,2
UNKNOWN/NOT SPECIFIED,Ceftriaxone,2
UNKNOWN/NOT SPECIFIED,Cephalexin,1
UNKNOWN/NOT SPECIFIED,Chlorhexidine Gluconate,4
UNKNOWN/NOT SPECIFIED,Clonidine HCl,1
UNKNOWN/NOT SPECIFIED,Clopidogrel,2
UNKNOWN/NOT SPECIFIED,Clopidogrel Bisulfate,1
UNKNOWN/NOT SPECIFIED,D5 1/2NS,1
UNKNOWN/NOT SPECIFIED,D5W,41
UNKNOWN/NOT SPECIFIED,Dexamethasone,5
UNKNOWN/NOT SPECIFIED,Dextrose 5%,1
UNKNOWN/NOT SPECIFIED,Dextrose 50%,1
UNKNOWN/NOT SPECIFIED,Dobutamine,1
UNKNOWN/NOT SPECIFIED,Docusate Sodium,7
UNKNOWN/NOT SPECIFIED,Docusate Sodium (Liquid),1
UNKNOWN/NOT SPECIFIED,DopAmine,2
UNKNOWN/NOT SPECIFIED,Epinephrine,1
UNKNOWN/NOT SPECIFIED,Epoetin Alfa,4
UNKNOWN/NOT SPECIFIED,Ferrous Sulfate,1
UNKNOWN/NOT SPECIFIED,Furosemide,5
UNKNOWN/NOT SPECIFIED,Gabapentin,4
UNKNOWN/NOT SPECIFIED,Guaifenesin-Codeine Phosphate,2
UNKNOWN/NOT SPECIFIED,Haloperidol,3
UNKNOWN/NOT SPECIFIED,Heparin,4
UNKNOWN/NOT SPECIFIED,Heparin Flush CRRT (5000 Units/mL),1
UNKNOWN/NOT SPECIFIED,Heparin Flush CVL  (100 units/ml),2
UNKNOWN/NOT SPECIFIED,Heparin Sodium,1
UNKNOWN/NOT SPECIFIED,Hydralazine HCl,13
UNKNOWN/NOT SPECIFIED,Hydrochlorothiazide,3
UNKNOWN/NOT SPECIFIED,Insulin,2
UNKNOWN/NOT SPECIFIED,Insulin Human Regular,1
UNKNOWN/NOT SPECIFIED,Ipratropium Bromide Neb,2
UNKNOWN/NOT SPECIFIED,Iso-Osmotic Dextrose,6
UNKNOWN/NOT SPECIFIED,Labetalol HCl,8
UNKNOWN/NOT SPECIFIED,Lactulose,1
UNKNOWN/NOT SPECIFIED,Levetiracetam,3
UNKNOWN/NOT SPECIFIED,Levofloxacin,7
UNKNOWN/NOT SPECIFIED,Lisinopril,1
UNKNOWN/NOT SPECIFIED,Lorazepam,9
UNKNOWN/NOT SPECIFIED,Losartan Potassium,1
UNKNOWN/NOT SPECIFIED,Magnesium Sulfate,5
UNKNOWN/NOT SPECIFIED,Mannitol 20%,4
UNKNOWN/NOT SPECIFIED,Metoprolol,3
UNKNOWN/NOT SPECIFIED,Metoprolol Tartrate,4
UNKNOWN/NOT SPECIFIED,Metronidazole,1
UNKNOWN/NOT SPECIFIED,Miconazole Powder 2%,1
UNKNOWN/NOT SPECIFIED,Midazolam HCl,1
UNKNOWN/NOT SPECIFIED,Minoxidil,2
UNKNOWN/NOT SPECIFIED,Morphine Sulfate,6
UNKNOWN/NOT SPECIFIED,Multivitamins,1
UNKNOWN/NOT SPECIFIED,NS,19
UNKNOWN/NOT SPECIFIED,NS (Glass Bottle),1
UNKNOWN/NOT SPECIFIED,Nephrocaps,4
UNKNOWN/NOT SPECIFIED,Nesiritide,1
UNKNOWN/NOT SPECIFIED,Nitroglycerin Oint. 2%,2
UNKNOWN/NOT SPECIFIED,Nitroglycerin SL,3
UNKNOWN/NOT SPECIFIED,Nitroprusside Sodium,2
UNKNOWN/NOT SPECIFIED,Norepinephrine,2
UNKNOWN/NOT SPECIFIED,Nystatin Oral Susp.,4
UNKNOWN/NOT SPECIFIED,Ondansetron,1
UNKNOWN/NOT SPECIFIED,Pantoprazole,6
UNKNOWN/NOT SPECIFIED,Pantoprazole Sodium,6
UNKNOWN/NOT SPECIFIED,Penicillin V Potassium,4
UNKNOWN/NOT SPECIFIED,Phenylephrine HCl,4
UNKNOWN/NOT SPECIFIED,Phenytoin,3
UNKNOWN/NOT SPECIFIED,Phenytoin Sodium,1
UNKNOWN/NOT SPECIFIED,Phytonadione,2
UNKNOWN/NOT SPECIFIED,Pneumococcal Vac Polyvalent,2
UNKNOWN/NOT SPECIFIED,Potassium Chloride,12
UNKNOWN/NOT SPECIFIED,PrednisoLONE Acetate 1% Ophth. Susp.,2
UNKNOWN/NOT SPECIFIED,Prismasate (B32 K2),1
UNKNOWN/NOT SPECIFIED,Propofol,4
UNKNOWN/NOT SPECIFIED,Ranitidine,1
UNKNOWN/NOT SPECIFIED,SW,2
UNKNOWN/NOT SPECIFIED,Senna,8
UNKNOWN/NOT SPECIFIED,Sevelamer,4
UNKNOWN/NOT SPECIFIED,Sodium Bicarbonate,3
UNKNOWN/NOT SPECIFIED,Sodium Chloride,2
UNKNOWN/NOT SPECIFIED,Sodium Chloride 0.9%  Flush,3
UNKNOWN/NOT SPECIFIED,Sodium Chloride 3% (Hypertonic),1
UNKNOWN/NOT SPECIFIED,Soln.,5
UNKNOWN/NOT SPECIFIED,Sulfameth/Trimethoprim DS,1
UNKNOWN/NOT SPECIFIED,Tirofiban,2
UNKNOWN/NOT SPECIFIED,Vancomycin HCl,9
UNKNOWN/NOT SPECIFIED,Vasopressin,3
UNKNOWN/NOT SPECIFIED,Vial,3
UNKNOWN/NOT SPECIFIED,Warfarin,1
UNKNOWN/NOT SPECIFIED,Zolpidem Tartrate,4
UNKNOWN/NOT SPECIFIED,traZODONE,1
UNABLE TO OBTAIN,0.9% Sodium Chloride,28
UNABLE TO OBTAIN,5% Dextrose,10
UNABLE TO OBTAIN,Acetaminophen,2
UNABLE TO OBTAIN,Acetylcysteine 20%,1
UNABLE TO OBTAIN,Albuterol 0.083% Neb Soln,1
UNABLE TO OBTAIN,Albuterol Inhaler,1
UNABLE TO OBTAIN,Ampicillin-Sulbactam,1
UNABLE TO OBTAIN,Artificial Tears,1
UNABLE TO OBTAIN,Aspirin EC,1
UNABLE TO OBTAIN,Atorvastatin,1
UNABLE TO OBTAIN,Bisacodyl,1
UNABLE TO OBTAIN,CeftriaXONE,1
UNABLE TO OBTAIN,Chlorhexidine Gluconate 0.12% Oral Rinse,1
UNABLE TO OBTAIN,Ciprofloxacin IV,2
UNABLE TO OBTAIN,Clopidogrel,1
UNABLE TO OBTAIN,Cosyntropin,1
UNABLE TO OBTAIN,D5 1/2NS,3
UNABLE TO OBTAIN,D5W,7
UNABLE TO OBTAIN,DOBUTamine,1
UNABLE TO OBTAIN,DOPamine,3
UNABLE TO OBTAIN,Docusate Sodium,1
UNABLE TO OBTAIN,Etomidate,2
UNABLE TO OBTAIN,Fentanyl Citrate,6
UNABLE TO OBTAIN,FoLIC Acid,2
UNABLE TO OBTAIN,Furosemide,4
UNABLE TO OBTAIN,Heparin,1
UNABLE TO OBTAIN,HydrALAzine,1
UNABLE TO OBTAIN,Hydrocortisone Na Succ.,2
UNABLE TO OBTAIN,Influenza Virus Vaccine,1
UNABLE TO OBTAIN,Insulin,2
UNABLE TO OBTAIN,Ipratropium Bromide MDI,1
UNABLE TO OBTAIN,Ipratropium Bromide Neb,1
UNABLE TO OBTAIN,Iso-Osmotic Dextrose,4
UNABLE TO OBTAIN,LR,1
UNABLE TO OBTAIN,Magnesium Sulfate,2
UNABLE TO OBTAIN,MethylPREDNISolone Sodium Succ,1
UNABLE TO OBTAIN,Midazolam,4
UNABLE TO OBTAIN,Morphine Sulfate,3
UNABLE TO OBTAIN,Multivitamin IV,2
UNABLE TO OBTAIN,NS (Mini Bag Plus),2
UNABLE TO OBTAIN,Norepinephrine,1
UNABLE TO OBTAIN,Pantoprazole Sodium,4
UNABLE TO OBTAIN,Piperacillin-Tazobactam,1
UNABLE TO OBTAIN,Piperacillin-Tazobactam Na,1
UNABLE TO OBTAIN,Pneumococcal Vac Polyvalent,1
UNABLE TO OBTAIN,Potassium Chloride,14
UNABLE TO OBTAIN,SW,10
UNABLE TO OBTAIN,Senna,1
UNABLE TO OBTAIN,Sodium Bicarbonate,1
UNABLE TO OBTAIN,Sodium Chloride 0.9%  Flush,3
UNABLE TO OBTAIN,Sodium Phosphate,2
UNABLE TO OBTAIN,Succinylcholine,2
UNABLE TO OBTAIN,Sucralfate,1
UNABLE TO OBTAIN,Thiamine,2
UNABLE TO OBTAIN,Tuberculin Protein,1
UNABLE TO OBTAIN,Vancomycin,2
UNABLE TO OBTAIN,Vial,3
AMERICAN INDIAN/ALASKA NATIVE FEDERALLY RECOGNIZED TRIBE,0.9% Sodium Chloride,44
AMERICAN INDIAN/ALASKA NATIVE FEDERALLY RECOGNIZED TRIBE,0.9% Sodium Chloride (Mini Bag Plus),4
AMERICAN INDIAN/ALASKA NATIVE FEDERALLY RECOGNIZED TRIBE,5% Dextrose,54
AMERICAN INDIAN/ALASKA NATIVE FEDERALLY RECOGNIZED TRIBE,AMP,8
AMERICAN INDIAN/ALASKA NATIVE FEDERALLY RECOGNIZED TRIBE,Acetaminophen,10
AMERICAN INDIAN/ALASKA NATIVE FEDERALLY RECOGNIZED TRIBE,Acyclovir,4
AMERICAN INDIAN/ALASKA NATIVE FEDERALLY RECOGNIZED TRIBE,Albumin 25% (12.5g / 50mL),22
AMERICAN INDIAN/ALASKA NATIVE FEDERALLY RECOGNIZED TRIBE,Ampicillin Sodium,2
AMERICAN INDIAN/ALASKA NATIVE FEDERALLY RECOGNIZED TRIBE,Bacitracin Ointment,2
AMERICAN INDIAN/ALASKA NATIVE FEDERALLY RECOGNIZED TRIBE,Calcium Gluconate,6
AMERICAN INDIAN/ALASKA NATIVE FEDERALLY RECOGNIZED TRIBE,CeftriaXONE,6
AMERICAN INDIAN/ALASKA NATIVE FEDERALLY RECOGNIZED TRIBE,Cepacol (Menthol),2
AMERICAN INDIAN/ALASKA NATIVE FEDERALLY RECOGNIZED TRIBE,Chlorhexidine Gluconate 0.12% Oral Rinse,2
AMERICAN INDIAN/ALASKA NATIVE FEDERALLY RECOGNIZED TRIBE,Ciprofloxacin HCl,4
AMERICAN INDIAN/ALASKA NATIVE FEDERALLY RECOGNIZED TRIBE,Ciprofloxacin IV,2
AMERICAN INDIAN/ALASKA NATIVE FEDERALLY RECOGNIZED TRIBE,Clotrimazole,6
AMERICAN INDIAN/ALASKA NATIVE FEDERALLY RECOGNIZED TRIBE,D5W,4
AMERICAN INDIAN/ALASKA NATIVE FEDERALLY RECOGNIZED TRIBE,Diazepam,4
AMERICAN INDIAN/ALASKA NATIVE FEDERALLY RECOGNIZED TRIBE,Docusate Sodium,6
AMERICAN INDIAN/ALASKA NATIVE FEDERALLY RECOGNIZED TRIBE,Famotidine,2
AMERICAN INDIAN/ALASKA NATIVE FEDERALLY RECOGNIZED TRIBE,Fentanyl Citrate,4
AMERICAN INDIAN/ALASKA NATIVE FEDERALLY RECOGNIZED TRIBE,Fludrocortisone Acetate,2
AMERICAN INDIAN/ALASKA NATIVE FEDERALLY RECOGNIZED TRIBE,FoLIC Acid,12
AMERICAN INDIAN/ALASKA NATIVE FEDERALLY RECOGNIZED TRIBE,Fosphenytoin,10
AMERICAN INDIAN/ALASKA NATIVE FEDERALLY RECOGNIZED TRIBE,Furosemide,2
AMERICAN INDIAN/ALASKA NATIVE FEDERALLY RECOGNIZED TRIBE,Heparin,6
AMERICAN INDIAN/ALASKA NATIVE FEDERALLY RECOGNIZED TRIBE,Insulin,6
AMERICAN INDIAN/ALASKA NATIVE FEDERALLY RECOGNIZED TRIBE,Iso-Osmotic Dextrose,16
AMERICAN INDIAN/ALASKA NATIVE FEDERALLY RECOGNIZED TRIBE,Iso-Osmotic Sodium Chloride,2
AMERICAN INDIAN/ALASKA NATIVE FEDERALLY RECOGNIZED TRIBE,LR,6
AMERICAN INDIAN/ALASKA NATIVE FEDERALLY RECOGNIZED TRIBE,Lactulose,26
AMERICAN INDIAN/ALASKA NATIVE FEDERALLY RECOGNIZED TRIBE,Lactulose Enema,10
AMERICAN INDIAN/ALASKA NATIVE FEDERALLY RECOGNIZED TRIBE,LeVETiracetam,10
AMERICAN INDIAN/ALASKA NATIVE FEDERALLY RECOGNIZED TRIBE,Lidocaine 1%,2
AMERICAN INDIAN/ALASKA NATIVE FEDERALLY RECOGNIZED TRIBE,Lorazepam,6
AMERICAN INDIAN/ALASKA NATIVE FEDERALLY RECOGNIZED TRIBE,Megestrol Acetate,2
AMERICAN INDIAN/ALASKA NATIVE FEDERALLY RECOGNIZED TRIBE,Meropenem,2
AMERICAN INDIAN/ALASKA NATIVE FEDERALLY RECOGNIZED TRIBE,MetRONIDAZOLE (FLagyl),2
AMERICAN INDIAN/ALASKA NATIVE FEDERALLY RECOGNIZED TRIBE,Metoclopramide,6
AMERICAN INDIAN/ALASKA NATIVE FEDERALLY RECOGNIZED TRIBE,Midazolam,4
AMERICAN INDIAN/ALASKA NATIVE FEDERALLY RECOGNIZED TRIBE,Midodrine,14
AMERICAN INDIAN/ALASKA NATIVE FEDERALLY RECOGNIZED TRIBE,Morphine Sulfate,12
AMERICAN INDIAN/ALASKA NATIVE FEDERALLY RECOGNIZED TRIBE,Multivitamin IV,2
AMERICAN INDIAN/ALASKA NATIVE FEDERALLY RECOGNIZED TRIBE,Multivitamins,14
AMERICAN INDIAN/ALASKA NATIVE FEDERALLY RECOGNIZED TRIBE,NS,2
AMERICAN INDIAN/ALASKA NATIVE FEDERALLY RECOGNIZED TRIBE,Neutra-Phos,6
AMERICAN INDIAN/ALASKA NATIVE FEDERALLY RECOGNIZED TRIBE,Norepinephrine,4
AMERICAN INDIAN/ALASKA NATIVE FEDERALLY RECOGNIZED TRIBE,Octreotide Acetate,12
AMERICAN INDIAN/ALASKA NATIVE FEDERALLY RECOGNIZED TRIBE,Ondansetron,4
AMERICAN INDIAN/ALASKA NATIVE FEDERALLY RECOGNIZED TRIBE,Pantoprazole Sodium,4
AMERICAN INDIAN/ALASKA NATIVE FEDERALLY RECOGNIZED TRIBE,Phenylephrine,2
AMERICAN INDIAN/ALASKA NATIVE FEDERALLY RECOGNIZED TRIBE,Phytonadione,2
AMERICAN INDIAN/ALASKA NATIVE FEDERALLY RECOGNIZED TRIBE,Piperacillin-Tazobactam,2
AMERICAN INDIAN/ALASKA NATIVE FEDERALLY RECOGNIZED TRIBE,Potassium Chl 40 mEq / 1000 mL NS,2
AMERICAN INDIAN/ALASKA NATIVE FEDERALLY RECOGNIZED TRIBE,Potassium Chloride,42
AMERICAN INDIAN/ALASKA NATIVE FEDERALLY RECOGNIZED TRIBE,Propofol,12
AMERICAN INDIAN/ALASKA NATIVE FEDERALLY RECOGNIZED TRIBE,Ranitidine,4
AMERICAN INDIAN/ALASKA NATIVE FEDERALLY RECOGNIZED TRIBE,Rifaximin,10
AMERICAN INDIAN/ALASKA NATIVE FEDERALLY RECOGNIZED TRIBE,SW,8
AMERICAN INDIAN/ALASKA NATIVE FEDERALLY RECOGNIZED TRIBE,Senna,6
AMERICAN INDIAN/ALASKA NATIVE FEDERALLY RECOGNIZED TRIBE,Simethicone,6
AMERICAN INDIAN/ALASKA NATIVE FEDERALLY RECOGNIZED TRIBE,Sodium Bicarbonate,20
AMERICAN INDIAN/ALASKA NATIVE FEDERALLY RECOGNIZED TRIBE,Sodium Chloride 0.9%  Flush,8
AMERICAN INDIAN/ALASKA NATIVE FEDERALLY RECOGNIZED TRIBE,Sodium Polystyrene Sulfonate,2
AMERICAN INDIAN/ALASKA NATIVE FEDERALLY RECOGNIZED TRIBE,Syringe,6
AMERICAN INDIAN/ALASKA NATIVE FEDERALLY RECOGNIZED TRIBE,Thiamine,12
AMERICAN INDIAN/ALASKA NATIVE FEDERALLY RECOGNIZED TRIBE,Vancomycin,8
AMERICAN INDIAN/ALASKA NATIVE FEDERALLY RECOGNIZED TRIBE,Vial,4
AMERICAN INDIAN/ALASKA NATIVE FEDERALLY RECOGNIZED TRIBE,traZODONE,4
HISPANIC OR LATINO,0.9% Sodium Chloride,25
HISPANIC OR LATINO,1/2 NS,2
HISPANIC OR LATINO,5% Dextrose,28
HISPANIC OR LATINO,AMP,1
HISPANIC OR LATINO,Acetaminophen,6
HISPANIC OR LATINO,Acetaminophen (Liquid),1
HISPANIC OR LATINO,Albumin 25% (12.5g / 50mL),4
HISPANIC OR LATINO,Albumin 5% (12.5g / 250mL),1
HISPANIC OR LATINO,Albuterol 0.083% Neb Soln,1
HISPANIC OR LATINO,Calcium Carbonate,1
HISPANIC OR LATINO,Calcium Gluconate,7
HISPANIC OR LATINO,Carbamazepine XR,1
HISPANIC OR LATINO,CeftazIDIME,1
HISPANIC OR LATINO,CeftriaXONE,2
HISPANIC OR LATINO,Chlorhexidine Gluconate 0.12% Oral Rinse,4
HISPANIC OR LATINO,Ciprofloxacin HCl,1
HISPANIC OR LATINO,Ciprofloxacin IV,2
HISPANIC OR LATINO,Citalopram Hydrobromide,1
HISPANIC OR LATINO,D5 1/2NS,3
HISPANIC OR LATINO,D5W,3
HISPANIC OR LATINO,Desitin,1
HISPANIC OR LATINO,Dextrose 5%,1
HISPANIC OR LATINO,Docusate Sodium,1
HISPANIC OR LATINO,Etomidate,1
HISPANIC OR LATINO,Fentanyl Citrate,6
HISPANIC OR LATINO,Furosemide,21
HISPANIC OR LATINO,Haloperidol,5
HISPANIC OR LATINO,Heparin,1
HISPANIC OR LATINO,Hydrocortisone Na Succ.,1
HISPANIC OR LATINO,Influenza Virus Vaccine,1
HISPANIC OR LATINO,Insulin,5
HISPANIC OR LATINO,Ipratropium Bromide Neb,1
HISPANIC OR LATINO,Iso-Osmotic Dextrose,7
HISPANIC OR LATINO,LR,3
HISPANIC OR LATINO,Lactulose,6
HISPANIC OR LATINO,Lactulose Enema,2
HISPANIC OR LATINO,LeVETiracetam,1
HISPANIC OR LATINO,LeVETiracetam Solution,1
HISPANIC OR LATINO,Levofloxacin,1
HISPANIC OR LATINO,Lidocaine 2%,1
HISPANIC OR LATINO,Lidocaine Jelly 2% (Urojet),3
HISPANIC OR LATINO,Lorazepam,2
HISPANIC OR LATINO,Magnesium Sulfate,7
HISPANIC OR LATINO,MetRONIDAZOLE (FLagyl),2
HISPANIC OR LATINO,Methylene Blue 1%,1
HISPANIC OR LATINO,Metoprolol Tartrate,3
HISPANIC OR LATINO,Midazolam,4
HISPANIC OR LATINO,Milk of Magnesia,1
HISPANIC OR LATINO,Morphine Sulfate,14
HISPANIC OR LATINO,NS,4
HISPANIC OR LATINO,NS (Mini Bag Plus),1
HISPANIC OR LATINO,Nadolol,1
HISPANIC OR LATINO,Naloxone,1
HISPANIC OR LATINO,Neutra-Phos,3
HISPANIC OR LATINO,Norepinephrine,1
HISPANIC OR LATINO,Octreotide Acetate,5
HISPANIC OR LATINO,Olanzapine,2
HISPANIC OR LATINO,Olanzapine (Disintegrating Tablet),2
HISPANIC OR LATINO,Omeprazole,1
HISPANIC OR LATINO,Ondansetron,4
HISPANIC OR LATINO,Oxybutynin,1
HISPANIC OR LATINO,Pantoprazole,1
HISPANIC OR LATINO,Pantoprazole Sodium,3
HISPANIC OR LATINO,Phenazopyridine HCl,1
HISPANIC OR LATINO,Phenytoin Sodium,1
HISPANIC OR LATINO,Phytonadione,7
HISPANIC OR LATINO,Piperacillin-Tazobactam,2
HISPANIC OR LATINO,Pneumococcal Vac Polyvalent,2
HISPANIC OR LATINO,Potassium Chl 20 mEq / 1000 mL D5 1/2 NS,1
HISPANIC OR LATINO,Potassium Chl 40 mEq / 1000 mL D5W,1
HISPANIC OR LATINO,Potassium Chloride,23
HISPANIC OR LATINO,Potassium Chloride (Powder),1
HISPANIC OR LATINO,Potassium Phosphate,14
HISPANIC OR LATINO,PredniSONE,1
HISPANIC OR LATINO,Propofol,2
HISPANIC OR LATINO,Rifaximin,2
HISPANIC OR LATINO,SW,13
HISPANIC OR LATINO,Sodium Chloride 0.9%  Flush,7
HISPANIC OR LATINO,Spironolactone,4
HISPANIC OR LATINO,Succinylcholine,1
HISPANIC OR LATINO,Sucralfate,3
HISPANIC OR LATINO,Vancomycin,3
HISPANIC OR LATINO,Vial,3
HISPANIC OR LATINO,traZODONE,1
